Constituency,Const. No.,Parliament Constituency,Leading Candidate,Trailing Candidate,Margin,Status,State ID,Country
Surat,24,SURAT(24),MUKESHKUMAR CHANDRAKAANT DALAL,,0,Uncontested,S06,India
INDORE,26,INDORE(26),SHANKAR LALWANI,SANJAY S/O LAKSHMAN SOLANKI,1175092,Result Declared,S12,India
Dhubri,2,DHUBRI(2),RAKIBUL HUSSAIN,MOHAMMED BADRUDDIN AJMAL,1012476,Result Declared,S03,India
VIDISHA,18,VIDISHA(18),SHIVRAJ SINGH CHOUHAN,PRATAPBHANU SHARMA,821408,Result Declared,S12,India
Navsari,25,NAVSARI(25),C R PATIL,NAISHADHBHAI BHUPATBHAI  DESAI,773551,Result Declared,S06,India
Gandhinagar,6,GANDHINAGAR(6),AMIT SHAH,SONAL RAMANBHAI PATEL,744716,Result Declared,S06,India
Diamond harbour,21,DIAMONDHARBOUR(21),ABHISHEK BANERJEE,ABHIJIT DAS (BOBBY),710930,Result Declared,S25,India
Tripura West,1,TRIPURAWEST(1),BIPLAB KUMAR DEB,ASISH KUMAR SAHA,611578,Result Declared,S23,India
Vadodara,20,VADODARA(20),DR. HEMANG JOSHI,PADHIYAR  JASHPALSINH MAHENDRASINH (BAPU),582126,Result Declared,S06,India
RAIPUR,8,RAIPUR(8),BRIJMOHAN AGRAWAL,VIKAS UPADHYAY,575285,Result Declared,S26,India
TIRUVALLUR,1,TIRUVALLUR(1),Sasikanth Senthil,"Balaganapathy, V. Pon",572155,Result Declared,S22,India
Nalgonda,13,NALGONDA(13),KUNDURU RAGHUVEER,SAIDI REDDY SHANAMPUDI,559905,Result Declared,S29,India
Gautam Buddha Nagar,13,GAUTAMBUDDHANAGAR(13),DR. MAHESH SHARMA,DR. MAHENDRA SINGH NAGAR,559472,Result Declared,S24,India
KHAJURAHO,8,KHAJURAHO(8),VISHNU DATT SHARMA (V.D.SHARMA),KAMLESH KUMAR,541229,Result Declared,S12,India
GUNA,4,GUNA(4),JYOTIRADITYA M. SCINDIA,YADVENDRA RAO DESHRAJ SINGH,540929,Result Declared,S12,India
Panchmahal,18,PANCHMAHAL(18),RAJPALSINH MAHENDRASINH JADAV,GULABSINH SOMSINH CHAUHAN,509342,Result Declared,S06,India
Visakhapatnam,4,VISAKHAPATNAM(4),SRIBHARAT MATHUKUMILI,JHANSI LAKSHMI. BOTCHA.,504247,Result Declared,S01,India
BHOPAL,19,BHOPAL(19),ALOK SHARMA,ADVOCATE ARUN SHRIVASTAVA,501499,Result Declared,S12,India
MANDSOUR,23,MANDSOUR(23),SUDHEER GUPTA,DILIP SINGH GURJAR,500655,Result Declared,S12,India
SRIPERUMBUDUR,5,SRIPERUMBUDUR(5),T R BAALU,G PREMKUMAR,487029,Result Declared,S22,India
Tripura East,2,TRIPURAEAST(2),KRITI DEVI DEBBARMAN,RAJENDRA REANG,486819,Result Declared,S23,India
JABALPUR,13,JABALPUR(13),ASHISH DUBEY,DINESH YADAV,486674,Result Declared,S12,India
Rajkot,10,RAJKOT(10),PARSHOTTAMBHAI RUPALA,DHANANI PARESH,484260,Result Declared,S06,India
SAGAR,5,SAGAR(5),DR. LATA WANKHEDE,CHANDRA BHUSAN SINGH BUNDELA 'GUDDU RAJA',471222,Result Declared,S12,India
Joynagar,19,JOYNAGAR(19),PRATIMA MONDAL,ASHOK KANDARY,470219,Result Declared,S25,India
Khammam,17,KHAMMAM(17),RAMASAHAYAM RAGHURAM REDDY,NAMA NAGESWARA RAO,467847,Result Declared,S29,India
Ahmedabad East,7,AHMEDABADEAST(7),HASMUKHBHAI PATEL (H.S.PATEL),HIMMATSINH PRAHLADSINH PATEL,461755,Result Declared,S06,India
Bhavnagar,15,BHAVNAGAR(15),NIMUBEN JAYANTIBHAI BAMBHANIYA (NIMUBEN BAMBHANIYA),UMESHBHAI NARANBHAI MAKWANA,455289,Result Declared,S06,India
DINDIGUL,22,DINDIGUL(22),SACHITHANANTHAM R,MOHAMED MUBARAK M A,443821,Result Declared,S22,India
DURG,7,DURG(7),VIJAY BAGHEL,RAJENDRA SAHU,438226,Result Declared,S26,India
HOSHANGABAD,17,HOSHANGABAD(17),DARSHAN SINGH CHOUDHARY,SANJAY SHARMA SANJU BHAIYA,431696,Result Declared,S12,India
DEWAS,21,DEWAS(21),MAHENDRA SINGH SOLANKY,RAJENDRA RADHAKISHAN MALVIYA,425225,Result Declared,S12,India
DAMOH,7,DAMOH(7),RAHUL SINGH LODHI,TARBAR SINGH LODHI (BANTU BHAIYA),406426,Result Declared,S12,India
TIKAMGARH,6,TIKAMGARH(6),DR. VIRENDRA KUMAR,KHUMAN URF PANKAJ AHIRWAR,403312,Result Declared,S12,India
Chhota Udaipur,21,CHHOTAUDAIPUR(21),JASHUBHAI BHILUBHAI RATHVA,SUKHRAMBHAI HARIYABHAI RATHWA,398777,Result Declared,S06,India
SHAHDOL,12,SHAHDOL(12),SMT. HIMADRI SINGH,PHUNDE LAL SINGH MARKO,397340,Result Declared,S12,India
THOOTHUKKUDI,36,THOOTHUKKUDI(36),KANIMOZHI KARUNANIDHI,SIVASAMY VELUMANI R,392738,Result Declared,S22,India
RAJSAMAND,22,RAJSAMAND(22),MAHIMA KUMARI MEWAR,DR. DAMODAR GURJAR,392223,Result Declared,S20,India
Malkajgiri,7,MALKAJGIRI(7),EATALA RAJENDER,PATNAM SUNEETHA MAHENDER REDDY,391475,Result Declared,S29,India
Rae Bareli,36,RAEBARELI(36),RAHUL GANDHI,DINESH PRATAP SINGH,390030,Result Declared,S24,India
CHITTORGARH,21,CHITTORGARH(21),CHANDRA PRAKASH JOSHI,ANJANA UDAILAL,389877,Result Declared,S20,India
PERAMBALUR,25,PERAMBALUR(25),ARUN NEHRU,CHANDRAMOHAN N D,389107,Result Declared,S22,India
Porbandar,11,PORBANDAR(11),DR. MANSUKH MANDAVIYA,LALIT VASOYA,383360,Result Declared,S06,India
BETUL,29,BETUL(29),DURGADAS (D. D.) UIKEY,RAMU TEKAM,379761,Result Declared,S12,India
Kodarma,5,KODARMA(5),ANNPURNA DEVI,VINOD KUMAR SINGH,377014,Result Declared,S27,India
UJJAIN,22,UJJAIN(22),ANIL FIROJIYA,MAHESH PARMAR,375860,Result Declared,S12,India
Shillong,1,SHILLONG(1),DR. RICKY ANDREW J. SYNGKON,VINCENT H. PALA,371910,Result Declared,S15,India
JHALAWAR-BARAN,25,JHALAWAR-BARAN(25),DUSHYANT SINGH,URMILA JAIN “BHAYA”,370989,Result Declared,S20,India
Wayanad,4,WAYANAD(4),RAHUL GANDHI,ANNIE RAJA,364422,Result Declared,S11,India
Sonitpur,11,SONITPUR(11),RANJIT DUTTA,PREMLAL GANJU,361408,Result Declared,S03,India
Kheda,17,KHEDA(17),DEVUSINH CHAUHAN,KALUSINH DABHI,357758,Result Declared,S06,India
Mumbai North,26,MUMBAINORTH(26),PIYUSH GOYAL,BHUSHAN PATIL,357608,Result Declared,S13,India
BHILWARA,23,BHILWARA(23),DAMODAR AGARWAL,C P JOSHI,354606,Result Declared,S20,India
Mahabubabad,16,MAHABUBABAD(16),BALRAM NAIK PORIKA,KAVITHA MALOTH,349165,Result Declared,S29,India
ROHTAK,7,ROHTAK(7),DEEPENDER SINGH HOODA,DR. ARVIND KUMAR SHARMA,345298,Result Declared,S07,India
Guntur,13,GUNTUR(13),DR CHANDRA SEKHAR PEMMASANI,KILARI VENKATA ROSAIAH,344695,Result Declared,S01,India
Amalapuram (SC),7,AMALAPURAM(SC)(7),G M HARISH (BALAYOGI),RAPAKA VARAPRASADA RAO,342196,Result Declared,S01,India
CHENNAI NORTH,2,CHENNAINORTH(2),DR.KALANIDHI VEERASWAMY,R. MANOHAR,339222,Result Declared,S22,India
Hyderabad,9,HYDERABAD(9),ASADUDDIN OWAISI,MADHAVI LATHA KOMPELLA,338087,Result Declared,S29,India
Uttara Kannada,12,UTTARAKANNADA(12),VISHWESHWAR HEGDE KAGERI,DR. ANJALI NIMBALKAR,337428,Result Declared,S10,India
Ghaziabad,12,GHAZIABAD(12),ATUL GARG,DOLLY SHARMA,336965,Result Declared,S24,India
Nainital-Udhamsingh Nagar,4,NAINITAL-UDHAMSINGHNAGAR(4),AJAY BHATT,PRAKASH JOSHI,334548,Result Declared,S28,India
Dahod,19,DAHOD(19),JASWANTSINH SUMANBHAI BHABHOR,DR. PRABHABEN KISHORSINH TAVIYAD,333677,Result Declared,S06,India
Basirhat,18,BASIRHAT(18),SK NURUL ISLAM,REKHA PATRA,333547,Result Declared,S25,India
JAIPUR,7,JAIPUR(7),MANJU SHARMA,PRATAP SINGH KHACHARIYAWAS,331767,Result Declared,S20,India
Dhanbad,7,DHANBAD(7),DULU MAHATO,ANUPAMA SINGH,331583,Result Declared,S27,India
AJMER,13,AJMER(13),BHAGIRATH CHOUDHARY,RAMCHANDRA CHOUDHARY,329991,Result Declared,S20,India
Osmanabad,40,OSMANABAD(40),OMPRAKASH BHUPALSINH ALIAS PAVAN RAJENIMBALKAR,ARCHANA RANAJAGJITSINH PATIL,329846,Result Declared,S13,India
Darrang-Udalguri,4,DARRANG-UDALGURI(4),DILIP SAIKIA,MADHAB RAJBANGSHI,329012,Result Declared,S03,India
Mahesana,4,MAHESANA(4),HARIBHAI PATEL,RAMJI THAKOR,328046,Result Declared,S06,India
Srikakulam,2,SRIKAKULAM(2),KINJARAPU RAMMOHAN NAIDU,TILAK PERADA,327901,Result Declared,S01,India
Bolpur,41,BOLPUR(41),ASIT KUMAR MAL,PIYA SAHA,327253,Result Declared,S25,India
Amreli,14,AMRELI(14),BHARATBHAI MANUBHAI SUTARIYA,JENNY THUMMAR,321068,Result Declared,S06,India
THANJAVUR,30,THANJAVUR(30),MURASOLI S,SIVANESAN P,319583,Result Declared,S22,India
TIRUCHIRAPPALLI,24,TIRUCHIRAPPALLI(24),DURAI VAIKO,KARUPPAIAH. P,313094,Result Declared,S22,India
ARAKKONAM,7,ARAKKONAM(7),S JAGATHRATCHAKAN,L VIJAYAN,306559,Result Declared,S22,India
Malappuram,6,MALAPPURAM(6),E.T.  MOHAMMED BASHEER,V. VASEEF,300118,Result Declared,S11,India
Anakapalle,5,ANAKAPALLE(5),C.M.RAMESH,BUDI MUTYALA NAIDU,296530,Result Declared,S01,India
Mathura,17,MATHURA(17),HEMAMALINI DHARMENDRA DEOL,MUKESH DHANGAR,293407,Result Declared,S24,India
North-West Delhi,5,NORTH-WESTDELHI(5),YOGENDER CHANDOLIYA,UDIT RAJ,290849,Result Declared,U05,India
Palamau,13,PALAMAU(13),VISHNU DAYAL RAM,MAMTA BHUIYAN,288807,Result Declared,S27,India
Ahmedabad West,8,AHMEDABADWEST(8),DINESHBHAI MAKWANA (ADVOCATE),BHARAT YOGENDRA MAKWANA,286437,Result Declared,S06,India
Mandya,20,MANDYA(20),H.D. KUMARASWAMY,VENKATARAMANE GOWDA (STAR CHANDRU),284620,Result Declared,S10,India
Vijayawada,12,VIJAYAWADA(12),KESINENI SIVANATH (CHINNI),KESINENI SRINIVAS  (NANI),282085,Result Declared,S01,India
ANANTNAG-RAJOURI,3,ANANTNAG-RAJOURI(3),MIAN ALTAF AHMAD,MEHBOOBA MUFTI,281794,Result Declared,U08,India
Dibrugarh,13,DIBRUGARH(13),SARBANANDA SONOWAL,LURINJYOTI GOGOI,279321,Result Declared,S03,India
THENI,33,THENI(33),THANGA TAMILSELVAN,TTV DHINAKARAN,278825,Result Declared,S22,India
Bangalore South,26,BANGALORESOUTH(26),TEJASVI SURYA,SOWMYA REDDY,277083,Result Declared,S10,India
Narsapuram,9,NARSAPURAM(9),BHUPATHI RAJU SRINIVASA VARMA (B.J.P.VARMA),UMABALA GUDURI,276802,Result Declared,S01,India
Hazaribagh,14,HAZARIBAGH(14),MANISH JAISWAL,JAI PRAKASH BHAI PATEL,276686,Result Declared,S27,India
Bulandshahr,14,BULANDSHAHR(14),DR BHOLA SINGH,SHIVRAM,275134,Result Declared,S24,India
Tehri Garhwal,1,TEHRIGARHWAL(1),MALA RAJYA LAKSHMI SHAH,JOT SINGH GUNSOLA,272493,Result Declared,S28,India
Raver,4,RAVER(4),KHADSE RAKSHA NIKHIL,SHRIRAM DAYARAM PATIL,272183,Result Declared,S13,India
Agra,18,AGRA(18),PROF S P SINGH BAGHEL,SURESH CHAND KARDAM,271294,Result Declared,S24,India
MAYILADUTHURAI,28,MAYILADUTHURAI(28),SUDHA R,BABU P,271183,Result Declared,S22,India
KHANDWA,28,KHANDWA(28),GYANESHWAR PATIL,NARENDRA PATEL,269971,Result Declared,S12,India
Bangalore Rural,23,BANGALORERURAL(23),DR C N MANJUNATH,D K SURESH,269647,Result Declared,S10,India
Kachchh,1,KACHCHH(1),CHAVDA VINOD LAKHAMSHI,NITESH PARBATBHAI LALAN (MATANG),268782,Result Declared,S06,India
SIRSA,3,SIRSA(3),SELJA,ASHOK TANWAR,268497,Result Declared,S07,India
Silchar,8,SILCHAR(8),PARIMAL SUKLABAIDYA,SURYA KANTA SARKAR,264311,Result Declared,S03,India
Surendranagar,9,SURENDRANAGAR(9),CHANDUBHAI CHHAGANBHAI SHIHORA,RUTVIKBHAI LAVJIBHAI MAKWANA,261617,Result Declared,S06,India
UDAIPUR,19,UDAIPUR(19),MANNA LAL RAWAT,TARACHAND MEENA,261608,Result Declared,S20,India
Chandrapur,13,CHANDRAPUR(13),DHANORKAR PRATIBHA SURESH ALIAS BALUBHAU,MUNGANTIWAR SUDHIR SACCHIDANAND,260406,Result Declared,S13,India
Jamshedpur,9,JAMSHEDPUR(9),BIDYUT BARAN MAHATO,SAMIR KUMAR MOHANTY,259782,Result Declared,S27,India
Bangalore North,24,BANGALORENORTH(24),SHOBHA KARANDLAJE,PROFESSOR M.V RAJEEV GOWDA,259476,Result Declared,S10,India
Udupi Chikmagalur,15,UDUPICHIKMAGALUR(15),KOTA SRINIVAS POOJARY,K. JAYAPRAKASH HEGDE,259175,Result Declared,S10,India
Jadavpur,22,JADAVPUR(22),SAYANI GHOSH,DR. ANIRBAN GANGULY,258201,Result Declared,S25,India
POLLACHI,21,POLLACHI(21),ESWARASAMY K,KARTHIKEYAN A,252042,Result Declared,S22,India
KANGRA,1,KANGRA(1),DR RAJEEV BHARDWAJ,ANAND SHARMA,251895,Result Declared,S08,India
Bargarh,1,BARGARH(1),PRADEEP PUROHIT,PARINITA MISHRA,251667,Result Declared,S18,India
Jalgaon,3,JALGAON(3),SMITA UDAY WAGH,KARAN BALASAHEB PATIL - PAWAR,251594,Result Declared,S13,India
Guwahati,5,GUWAHATI(5),BIJULI KALITA MEDHI,MIRA BORTHAKUR GOSWAMI,251090,Result Declared,S03,India
Ernakulam,12,ERNAKULAM(12),HIBI EDEN,K. J. SHINE TEACHER,250385,Result Declared,S11,India
Vizianagaram,3,VIZIANAGARAM(3),APPALANAIDU KALISETTI,BELLANA CHANDRASEKHAR,249351,Result Declared,S01,India
Kaziranga,10,KAZIRANGA(10),KAMAKHYA PRASAD TASA,ROSELINA TIRKEY,248947,Result Declared,S03,India
Hathras,16,HATHRAS(16),ANOOP PRADHAN BALMIKI,JASVEER VALMIKI,247318,Result Declared,S24,India
BANSWARA,20,BANSWARA(20),RAJ KUMAR ROAT,MAHENDRAJEETSINGH MALVIYA,247054,Result Declared,S20,India
Nellore,22,NELLORE(22),PRABHAKAR REDDY VEMIREDDY,VENUMBAKA VIJAYASAI REDDY,245902,Result Declared,S01,India
PALI,15,PALI(15),P. P. CHAUDHARY,SANGEETA BENIWAL,245351,Result Declared,S20,India
CHENNAI CENTRAL,4,CHENNAICENTRAL(4),DAYANIDHI MARAN,VINOJ,244689,Result Declared,S22,India
Shimoga,14,SHIMOGA(14),B.Y.RAGHAVENDRA,GEETHA SHIVARAJKUMAR,243715,Result Declared,S10,India
NILGIRIS,19,NILGIRIS(19),RAJA A,DR MURUGAN L,240585,Result Declared,S22,India
RAIGARH,2,RAIGARH(2),RADHESHYAM RATHIYA,DR. MENKA DEVI SINGH,240391,Result Declared,S26,India
Rajahmundry,8,RAJAHMUNDRY(8),DAGGUBATI PURANDHESHWARI,DR. GUDURI SRINIVAS,239139,Result Declared,S01,India
Jamnagar,12,JAMNAGAR(12),POONAMBEN HEMATBHAI MAADAM,ADVOCATE J. P. MARAVIYA,238008,Result Declared,S06,India
DAUSA,11,DAUSA(11),MURARI LAL MEENA,KANHAIYA LAL MEENA,237340,Result Declared,S20,India
ERODE,17,ERODE(17),K E PRAKASH,ASHOK KUMAR,236566,Result Declared,S22,India
Ponnani,7,PONNANI(7),DR. M.P ABDUSSAMAD SAMADANI,K.S HAMZA,235760,Result Declared,S11,India
Muzaffarpur,15,MUZAFFARPUR(15),RAJ BHUSHAN CHOUDHARY,AJAY NISHAD,234927,Result Declared,S04,India
Almora,3,ALMORA(3),AJAY TAMTA,PRADEEP TAMTA,234097,Result Declared,S28,India
TIRUVANNAMALAI,11,TIRUVANNAMALAI(11),"ANNADURAI, C.N.",KALIYAPERUMAL M,233931,Result Declared,S22,India
KARNAL,5,KARNAL(5),MANOHAR LAL,DIVYANSHU BUDHIRAJA,232577,Result Declared,S07,India
Bardoli,23,BARDOLI(23),PARBHUBHAI NAGARBHAI VASAVA,CHAUDHARY SIDDHARTH AMARSINH,230253,Result Declared,S06,India
Kakinada,6,KAKINADA(6),TANGELLA UDAY SRINIVAS (TEA TIME UDAY),CHALAMALASETTY SUNIL,229491,Result Declared,S01,India
CHENNAI SOUTH,3,CHENNAISOUTH(3),T.SUMATHY (ALIAS) THAMIZHACHI THANGAPANDIAN,DR.TAMILISAI SOUNDARARAJAN,225945,Result Declared,S22,India
Karimnagar,3,KARIMNAGAR(3),BANDI SANJAY KUMAR,VELCHALA RAJENDER RAO,225209,Result Declared,S29,India
Machilipatnam,11,MACHILIPATNAM(11),BALASHOWRY VALLABHANENI,SIMHADRI CHANDRA SEKHAR RAO,223179,Result Declared,S01,India
Barpeta,3,BARPETA(3),PHANI BHUSAN CHOUDHURY,DEEP BAYAN,222351,Result Declared,S03,India
Bhongir,14,BHONGIR(14),CHAMALA KIRAN KUMAR REDDY,DR. BOORA NARSAIAH GOUD,222170,Result Declared,S29,India
Mainpuri,21,MAINPURI(21),DIMPLE YADAV,JAYVEER SINGH,221639,Result Declared,S24,India
KANCHEEPURAM,6,KANCHEEPURAM(6),SELVAM. G,RAJASEKAR. E,221473,Result Declared,S22,India
Chatra,4,CHATRA(4),KALI CHARAN SINGH,KRISHNA NAND TRIPATHI,220959,Result Declared,S27,India
Chittoor(SC),25,CHITTOOR(SC)(25),DAGGUMALLA PRASADA RAO,REDDEPPA.N .,220479,Result Declared,S01,India
Warangal,15,WARANGAL(15),KADIYAM KAVYA,AROORI RAMESH,220339,Result Declared,S29,India
Mayurbhanj,5,MAYURBHANJ(5),NABA CHARAN MAJHI,SUDAM MARNDI,219334,Result Declared,S18,India
Uluberia,26,ULUBERIA(26),SAJDA AHMED,ARUNUDAY PAULCHOWDHURY,218673,Result Declared,S25,India
DHAR,25,DHAR(25),SAVITRI THAKUR,RADHESHYAM MUVEL,218665,Result Declared,S12,India
Thane,25,THANE(25),NARESH GANPAT MHASKE,RAJAN BABURAO VICHARE,217011,Result Declared,S13,India
Barabanki,53,BARABANKI(53),TANUJ PUNIA,RAJRANI RAWAT,215704,Result Declared,S24,India
VELLORE,8,VELLORE(8),DM KATHIR ANAND,AC SHANMUGAM,215702,Result Declared,S22,India
Nagaon,9,NAGAON(9),PRADYUT BORDOLOI,SURESH BORAH,212231,Result Declared,S03,India
Valsad,26,VALSAD(26),DHAVAL LAXMANBHAI PATEL,ANANTKUMAR HASMUKHBHAI PATEL,210704,Result Declared,S06,India
MADURAI,32,MADURAI(32),VENKATESAN S,RAAMA SREENIVASAN,209409,Result Declared,S22,India
Kalyan,24,KALYAN(24),DR SHRIKANT EKNATH SHINDE,VAISHALI DAREKAR - RANE,209144,Result Declared,S13,India
NAGAPATTINAM,29,NAGAPATTINAM(29),SELVARAJ V,DR SURSITH SANKAR G,208957,Result Declared,S22,India
ARANI,12,ARANI(12),THARANIVENTHAN M S,"GAJENDRAN, G.V.",208766,Result Declared,S22,India
Bapatla (SC),15,BAPATLA(SC)(15),KRISHNA PRASAD TENNETI,NANDIGAM SURESH BABU,208031,Result Declared,S01,India
RATLAM,24,RATLAM(24),ANITA NAGARSINGH CHOUHAN,KANTILAL BHURIA,207232,Result Declared,S12,India
SIDHI,11,SIDHI(11),DR. RAJESH MISHRA,KAMLESHWAR INDRAJIT KUMAR,206416,Result Declared,S12,India
SIVAGANGA,31,SIVAGANGA(31),KARTI P CHIDAMBARAM,XAVIERDASS A,205664,Result Declared,S22,India
BARAMULLA,1,BARAMULLA(1),ABDUL RASHID SHEIKH,OMAR ABDULLAH,204142,Result Declared,U08,India
JALORE,18,JALORE(18),LUMBARAM,VAIBHAV GEHLOT,201543,Result Declared,S20,India
Lakhimpur,12,LAKHIMPUR(12),PRADAN BARUAH,UDAY SHANKAR HAZARIKA,201257,Result Declared,S03,India
Mathurapur,20,MATHURAPUR(20),BAPI HALDAR,ASHOK PURKAIT,201057,Result Declared,S25,India
West Delhi,6,WESTDELHI(6),KAMALJEET SEHRAWAT,MAHABAL MISHRA,199013,Result Declared,U05,India
Birbhum,42,BIRBHUM(42),SATABDI ROY,DEBTANU BHATTACHARYA,197650,Result Declared,S25,India
Khadoor Sahib,3,KHADOORSAHIB(3),AMRITPAL SINGH,KULBIR SINGH ZIRA,197120,Result Declared,S19,India
TENKASI,37,TENKASI(37),DR RANI SRI KUMAR,DR K KRISHNASAMY,196199,Result Declared,S22,India
REWA,10,REWA(10),JANARDAN MISHRA,NEELAM ABHAY MISHRA,193374,Result Declared,S12,India
KRISHNAGIRI,9,KRISHNAGIRI(9),GOPINATH K,JAYAPRAKASH V,192486,Result Declared,S22,India
Chamarajanagar,22,CHAMARAJANAGAR(22),SUNIL BOSE,BALARAJ.S,188706,Result Declared,S10,India
Ananthapur,19,ANANTHAPUR(19),AMBICA G LAKSHMINARAYANA VALMIKI,MALAGUNDLA SANKAR NARAYANA,188555,Result Declared,S01,India
SRINAGAR,2,SRINAGAR(2),AGA SYED RUHULLAH MEHDI,WAHEED UR REHMAN PARA,188416,Result Declared,U08,India
Samastipur,23,SAMASTIPUR(23),SHAMBHAVI,SUNNY HAZARI,187251,Result Declared,S04,India
Kolkata Dakshin,23,KOLKATADAKSHIN(23),MALA ROY,DEBASREE CHAUDHURI,187231,Result Declared,S25,India
Ranaghat,13,RANAGHAT(13),JAGANNATH SARKAR,MUKUT MANI ADHIKARI,186899,Result Declared,S25,India
CUDDALORE,26,CUDDALORE(26),M.K. VISHNUPRASAD,P. SIVAKOZHUNDU,185896,Result Declared,S22,India
Jhanjharpur,7,JHANJHARPUR(7),RAMPRIT MANDAL,SUMAN KUMAR MAHASETH,184169,Result Declared,S04,India
Palghar,22,PALGHAR(22),DR. HEMANT VISHNU SAVARA,BHARTI BHARAT KAMDI,183306,Result Declared,S13,India
Ghatal,32,GHATAL(32),ADHIKARI DEEPAK (DEV),DR. HIRANMOY CHATTOPADHYAYA,182868,Result Declared,S25,India
HAMIRPUR,3,HAMIRPUR(3),ANURAG SINGH THAKUR,SATPAL RAIZADA,182357,Result Declared,S08,India
Eluru,10,ELURU(10),PUTTA MAHESH KUMAR,KARUMURI SUNIL KUMAR,181857,Result Declared,S01,India
KANNIYAKUMARI,39,KANNIYAKUMARI(39),VIJAYAKUMAR (Alias) VIJAY VASANTH,RADHAKRISHNAN P,179907,Result Declared,S22,India
Darjeeling,4,DARJEELING(4),RAJU BISTA,GOPAL LAMA,178525,Result Declared,S25,India
Belgaum,2,BELGAUM(2),JAGADISH SHETTAR,MRINAL R HEBBALKAR,178437,Result Declared,S10,India
Rajmahal,1,RAJMAHAL(1),VIJAY KUMAR HANSDAK,TALA MARANDI,178264,Result Declared,S27,India
Darbhanga,14,DARBHANGA(14),GOPAL JEE THAKUR,LALIT KUMAR YADAV,178156,Result Declared,S04,India
Jalandhar,4,JALANDHAR(4),CHARANJIT SINGH CHANNI,SUSHIL KUMAR RINKU,175993,Result Declared,S19,India
Tumkur,19,TUMKUR(19),V. SOMANNA,S.P. MUDDAHANUMEGOWDA,175594,Result Declared,S10,India
Srerampur,27,SRERAMPUR(27),KALYAN BANERJEE,KABIR SHANKAR BOSE,174830,Result Declared,S25,India
Madhepura,13,MADHEPURA(13),DINESH CHANDRA YADAV,DA KUMAR CHANDRADEEP,174534,Result Declared,S04,India
BALAGHAT,15,BALAGHAT(15),BHARTI PARDHI,SAMRAT ASHOK SINGH SARASWAR,174512,Result Declared,S12,India
Jhargram,33,JHARGRAM(33),KALIPADA SAREN (KHERWAL),DR. PRANAT TUDU,174048,Result Declared,S25,India
FARIDABAD,10,FARIDABAD(10),KRISHAN PAL,MAHENDER PRATAP SINGH,172914,Result Declared,S07,India
Chevella,10,CHEVELLA(10),KONDA VISHWESHWAR REDDY,DR GADDAM RANJITH REDDY,172897,Result Declared,S29,India
Sangrur,12,SANGRUR(12),GURMEET SINGH MEET HAYER,SUKHPAL SINGH KHAIRA,172560,Result Declared,S19,India
Kannauj,42,KANNAUJ(42),AKHILESH YADAV,SUBRAT PATHAK,170922,Result Declared,S24,India
Hajipur,21,HAJIPUR(21),CHIRAG PASWAN,SHIV CHANDRA RAM,170105,Result Declared,S04,India
Supaul,8,SUPAUL(8),DILESHWAR KAMAIT,CHANDRAHAS CHAUPAL,169803,Result Declared,S04,India
Howrah,25,HOWRAH(25),PRASUN BANERJEE,DR RATHIN CHAKRAVARTY,169442,Result Declared,S25,India
Nalanda,29,NALANDA(29),KAUSHALENDRA KUMAR,DR. SANDEEP SAURAV,169114,Result Declared,S04,India
Singhbhum,10,SINGHBHUM(10),JOBA MAJHI,GEETA KORA,168402,Result Declared,S27,India
Amethi,37,AMETHI(37),KISHORI LAL,SMRITI IRANI,167196,Result Declared,S24,India
KARUR,23,KARUR(23),JOTHIMANI. S,THANGAVEL. L,166816,Result Declared,S22,India
RAMANATHAPURAM,35,RAMANATHAPURAM(35),NAVASKANI K,PANNEERSELVAM O S/O OTTAKARATHEVAR,166782,Result Declared,S22,India
TIRUNELVELI,38,TIRUNELVELI(38),ROBERT BRUCE C,NAINAR NAGENTHRAN,165620,Result Declared,S22,India
Berhampur,20,BERHAMPUR(20),DR. PRADEEP KUMAR PANIGRAHY,BHRUGU BAXIPATRA,165476,Result Declared,S18,India
Pilibhit,26,PILIBHIT(26),JITIN PRASADA,BHAGWAT SARAN GANGWAR,164935,Result Declared,S24,India
BILASPUR,5,BILASPUR(5),TOKHAN SAHU,DEVENDRA YADAV,164558,Result Declared,S26,India
Murshidabad,11,MURSHIDABAD(11),ABU TAHER KHAN,MD SALIM,164215,Result Declared,S25,India
Haridwar,5,HARIDWAR(5),TRIVENDRA SINGH RAWAT,VIRENDRA RAWAT,164056,Result Declared,S28,India
Garhwal,2,GARHWAL(2),ANIL BALUNI,GANESH GODIYAL,163503,Result Declared,S28,India
Chikkballapur,27,CHIKKBALLAPUR(27),DR.K.SUDHAKAR,M.S. RAKSHA RAMAIAH,163460,Result Declared,S10,India
Ghosi,70,GHOSI(70),RAJEEV RAI,DR. ARVIND RAJBHAR,162943,Result Declared,S24,India
Nashik,21,NASHIK(21),RAJABHAU (PARAG) PRAKASH WAJE,GODSE HEMANT TUKARAM,162001,Result Declared,S13,India
Khagaria,25,KHAGARIA(25),RAJESH VERMA,SANJAY KUMAR,161131,Result Declared,S04,India
Azamgarh,69,AZAMGARH(69),DHARMENDRA YADAV,DINESH LAL YADAV “NIRAHUA”,161035,Result Declared,S24,India
Bardhaman Purba,38,BARDHAMANPURBA(38),DR. SHARMILA SARKAR,ASIM KUMAR SARKAR,160572,Result Declared,S25,India
Narsaraopet,14,NARSARAOPET(14),LAVU SRIKRISHNA DEVARAYALU,ANIL KUMAR POLUBOINA,159729,Result Declared,S01,India
Baghpat,11,BAGHPAT(11),DR RAJKUMAR SANGWAN,AMARPAL,159459,Result Declared,S24,India
Nandurbar,1,NANDURBAR(1),ADV GOWAAL KAGADA PADAVI,DR HEENA VIJAYKUMAR GAVIT,159120,Result Declared,S13,India
Baramati,35,BARAMATI(35),SUPRIYA SULE,SUNETRA AJITDADA PAWAR,158333,Result Declared,S13,India
Sabarkantha,5,SABARKANTHA(5),SHOBHANABEN MAHENDRASINH BARAIYA,CHAUDHARI TUSHAR AMARSINH,155682,Result Declared,S06,India
Tura,2,TURA(2),SALENG A SANGMA,AGATHA K SANGMA,155241,Result Declared,S15,India
Kolhapur,47,KOLHAPUR(47),CHHATRAPATI SHAHU SHAHAJI,SANJAY SADASHIVRAO MANDLIK,154964,Result Declared,S13,India
Patna Sahib,30,PATNASAHIB(30),RAVI SHANKAR PRASAD,ANSHUL AVIJIT,153846,Result Declared,S04,India
Varanasi,77,VARANASI(77),NARENDRA MODI,AJAY RAI,152513,Result Declared,S24,India
Madhubani,6,MADHUBANI(6),ASHOK KUMAR YADAV,MD ALI ASHRAF FATMI,151945,Result Declared,S04,India
Nagina,5,NAGINA(5),CHANDRASHEKHAR,OM KUMAR,151473,Result Declared,S24,India
Kollam,18,KOLLAM(18),N K PREMACHANDRAN,M MUKESH,150302,Result Declared,S11,India
Khunti,11,KHUNTI(11),KALI CHARAN MUNDA,ARJUN MUNDA,149675,Result Declared,S27,India
Dakshina Kannada,17,DAKSHINAKANNADA(17),CAPTAIN BRIJESH CHOWTA,PADMARAJ.R.POOJARY,149208,Result Declared,S10,India
Kaiserganj,57,KAISERGANJ(57),KARAN BHUSHAN SINGH,BHAGAT RAM,148843,Result Declared,S24,India
Koraput,21,KORAPUT(21),SAPTAGIRI SANKAR ULAKA,KAUSALYA HIKAKA,147744,Result Declared,S18,India
Diphu,6,DIPHU(6),AMARSING TISSO,J. I. KATHAR,147603,Result Declared,S03,India
Balasore,6,BALASORE(6),PRATAP CHANDRA SARANGI,LEKHASRI SAMANTSINGHAR,147156,Result Declared,S18,India
Kozhikode,5,KOZHIKODE(5),M. K. RAGHAVAN,ELAMARAM KAREEM,146176,Result Declared,S11,India
RAJGARH,20,RAJGARH(20),RODMAL NAGAR,DIGVIJAYA SINGH,146089,Result Declared,S12,India
MAHASAMUND,9,MAHASAMUND(9),ROOP KUMARI CHOUDHARY,TAMRADHWAJ SAHU,145456,Result Declared,S26,India
Jorhat,14,JORHAT(14),GAURAV GOGOI,TOPON KUMAR GOGOI,144393,Result Declared,S03,India
Jahanabad,36,JAHANABAD(36),SURENDRA PRASAD YADAV,CHANDESHWAR PRASAD,142591,Result Declared,S04,India
Gadchiroli - Chimur,12,GADCHIROLI-CHIMUR(12),DR. KIRSAN NAMDEO,ASHOK  MAHADEORAO NETE,141696,Result Declared,S13,India
Shirur,36,SHIRUR(36),DR. AMOL RAMSING KOLHE,ADHALRAO SHIVAJI DATTATREY,140951,Result Declared,S13,India
Mysore,21,MYSORE(21),YADUVEER KRISHNADATTA CHAMARAJA WADIYAR,M. LAKSHMANA,139262,Result Declared,S10,India
Lohardaga,12,LOHARDAGA(12),SUKHDEO BHAGAT,SAMIR ORAON,139138,Result Declared,S27,India
Sundargarh,2,SUNDARGARH(2),JUAL ORAM,DILIP KUMAR TIRKEY,138808,Result Declared,S18,India
North-East Delhi,2,NORTH-EASTDELHI(2),MANOJ TIWARI,KANHAIYA KUMAR,138778,Result Declared,U05,India
Bardhaman-Durgapur,39,BARDHAMAN-DURGAPUR(39),AZAD KIRTI JHA,DILIP GHOSH,137981,Result Declared,S25,India
Nagpur,10,NAGPUR(10),NITIN JAIRAM GADKARI,VIKAS THAKRE,137603,Result Declared,S13,India
Ambedkar Nagar,55,AMBEDKARNAGAR(55),LALJI VERMA,RITESH PANDEY,137247,Result Declared,S24,India
Paschim Champaran,2,PASCHIMCHAMPARAN(2),DR.SANJAY JAISWAL,MADAN MOHAN TIWARI,136568,Result Declared,S04,India
PUDUCHERRY,1,PUDUCHERRY(1),VE VAITHILINGAM,A NAMASSIVAYAM,136516,Result Declared,U07,India
JAMMU,5,JAMMU(5),JUGAL KISHORE,RAMAN BHALLA,135498,Result Declared,U08,India
Junagadh,13,JUNAGADH(13),CHUDASAMA RAJESHBHAI NARANBHAI,JOTVA HIRABHAI ARJANBHAI,135494,Result Declared,S06,India
Lucknow,35,LUCKNOW(35),RAJ NATH SINGH,RAVIDAS MEHROTRA,135159,Result Declared,S24,India
KHARGONE,27,KHARGONE(27),GAJENDRA SINGH PATEL,PORLAL BATHA KHARTE,135018,Result Declared,S12,India
Aurangabad,19,AURANGABAD(19),BHUMARE SANDIPANRAO ASARAM,IMTIAZ JALEEL SYED,134650,Result Declared,S13,India
Parbhani,17,PARBHANI(17),JADHAV SANJAY ( BANDU ) HARIBHAU,JANKAR MAHADEV JAGANNATH,134061,Result Declared,S13,India
Kalahandi,11,KALAHANDI(11),MALVIKA DEVI,LAMBODAR NIAL,133813,Result Declared,S18,India
Idukki,13,IDUKKI(13),ADV. DEAN KURIAKOSE,ADV. JOICE GEORGE,133727,Result Declared,S11,India
Bolangir,10,BOLANGIR(10),SANGEETA KUMARI SINGH DEO,SURENDRA SINGH BHOI,132664,Result Declared,S18,India
Hindupur,20,HINDUPUR(20),B K PARTHASARATHI,J SHANTHA,132427,Result Declared,S01,India
Peddapalle,2,PEDDAPALLE(2),VAMSI KRISHNA GADDAM,SRINIVAS GOMASE,131364,Result Declared,S29,India
Robertsganj,80,ROBERTSGANJ(80),CHHOTELAL,RINKI SINGH,129234,Result Declared,S24,India
Bidar,7,BIDAR(7),SAGAR ESHWAR KHANDRE,BHAGWANTH KHUBA,128875,Result Declared,S10,India
Maldaha Dakshin,8,MALDAHADAKSHIN(8),ISHA KHAN CHOUDHURY,SREERUPA MITRA CHAUDHURY (NIRBHAYA DIDI),128368,Result Declared,S25,India
Gopalganj,17,GOPALGANJ(17),DR. ALOK KUMAR SUMAN,PREM NATH CHANCHAL ALIAS CHANCHAL PASWAN,127180,Result Declared,S04,India
TIRUPPUR,18,TIRUPPUR(18),"SUBBARAYAN, K.","ARUNACHALAM, P.",125928,Result Declared,S22,India
Ghazipur,75,GHAZIPUR(75),AFZAL ANSARI,PARS NATH RAI,124861,Result Declared,S24,India
UDHAMPUR,4,UDHAMPUR(4),DR JITENDRA SINGH,CH LAL SINGH,124373,Result Declared,U08,India
South Delhi,7,SOUTHDELHI(7),RAMVIR SINGH BIDHURI,SAHI RAM,124333,Result Declared,U05,India
Pune,34,PUNE(34),MURLIDHAR MOHOL,DHANGEKAR RAVINDRA HEMRAJ,123038,Result Declared,S13,India
Sambhal,8,SAMBHAL(8),ZIA UR REHMAN,PARMESHWAR LAL SAINI,121494,Result Declared,S24,India
Madha,43,MADHA(43),MOHITE-PATIL DHAIRYASHEEL RAJSINH,RANJEETSINGH HINDURAO NAIK NIMBALKAR,120837,Result Declared,S13,India
Ranchi,8,RANCHI(8),SANJAY SETH,YASHASWINI SAHAY,120512,Result Declared,S27,India
Sambalpur,3,SAMBALPUR(3),DHARMENDRA PRADHAN,PRANAB PRAKASH DAS,119836,Result Declared,S18,India
BARMER,17,BARMER(17),UMMEDA RAM BENIWAL,RAVINDRA SINGH BHATI,118176,Result Declared,S20,India
COIMBATORE,20,COIMBATORE(20),GANAPATHY RAJKUMAR P,ANNAMALAI K,118068,Result Declared,S22,India
Jangipur,9,JANGIPUR(9),KHALILUR RAHAMAN,MURTOJA HOSSAIN BOKUL,116637,Result Declared,S25,India
North Goa,1,NORTHGOA(1),SHRIPAD YESSO NAIK,RAMAKANT KHALAP,116015,Result Declared,S05,India
JODHPUR,16,JODHPUR(16),GAJENDRA SINGH SHEKHAWAT,KARAN SINGH UCHIYARDA,115677,Result Declared,S20,India
Lalganj,68,LALGANJ(68),DAROGA PRASAD SAROJ,NEELAM SONKER,115023,Result Declared,S24,India
Vadakara,3,VADAKARA(3),SHAFI PARAMBIL,K K SHAILAJA TEACHER,114506,Result Declared,S11,India
Barasat,17,BARASAT(17),KAKOLI GHOSH DASTIDAR,SWAPAN MAJUMDER,114189,Result Declared,S25,India
CHHINDWARA,16,CHHINDWARA(16),BUNTY VIVEK SAHU,NAKUL KAMALNATH,113618,Result Declared,S12,India
Dindori,20,DINDORI(20),BHASKAR MURLIDHAR BHAGARE,DR. BHARATI PRAVIN PAWAR,113199,Result Declared,S13,India
Jamui,40,JAMUI(40),ARUN BHARTI,ARCHANA KUMARI,112482,Result Declared,S04,India
Nandyal,17,NANDYAL(17),DR BYREDDY SHABARI,POCHA BRAHMANANDA REDDY,111975,Result Declared,S01,India
Kurnoolu,18,KURNOOLU(18),BASTIPATI NAGARAJU PANCHALINGALA,B Y RAMAIAH,111298,Result Declared,S01,India
Jalna,18,JALNA(18),KALYAN VAIJINATHRAO KALE,DANVE RAOSAHEB DADARAO,109958,Result Declared,S13,India
Inner Manipur,1,INNERMANIPUR(1),ANGOMCHA BIMOL AKOIJAM,THOUNAOJAM BASANTA KUMAR SINGH,109801,Result Declared,S14,India
Nizamabad,4,NIZAMABAD(4),ARVIND DHARMAPURI,JEEVANREDDY THATIPARTHI,109241,Result Declared,S29,India
Kannur,2,KANNUR(2),K. SUDHAKARAN,M.V. JAYARAJAN,108982,Result Declared,S11,India
Hingoli,15,HINGOLI(15),AASHTIKAR PATIL NAGESH BAPURAO,BABURAO KADAM KOHALIKAR,108602,Result Declared,S13,India
Karakat,35,KARAKAT(35),RAJA RAM SINGH,PAWAN SINGH,105858,Result Declared,S04,India
Moradabad,6,MORADABAD(6),RUCHI VIRA,KUNWAR SARVESH KUMAR,105762,Result Declared,S24,India
Bhagalpur,26,BHAGALPUR(26),AJAY KUMAR MANDAL,AJEET SHARMA,104868,Result Declared,S04,India
Puri,17,PURI(17),SAMBIT PATRA,ARUP MOHAN PATNAIK,104709,Result Declared,S18,India
Kaushambi,50,KAUSHAMBI(50),PUSHPENDRA SAROJ,VINOD KUMAR SONKAR,103944,Result Declared,S24,India
MANDLA,14,MANDLA(14),FAGGAN SINGH KULASTE,OMKAR SINGH MARKAM,103846,Result Declared,S12,India
Banka,27,BANKA(27),GIRIDHARI YADAV,JAI PRAKASH NARAYAN YADAV,103844,Result Declared,S04,India
CHIDAMBARAM,27,CHIDAMBARAM(27),THIRUMAAVALAVAN THOL,CHANDRAHASAN M,103554,Result Declared,S22,India
Gorakhpur,64,GORAKHPUR(64),RAVINDRA SHUKLA ALIAS RAVI KISHAN,KAJAL NISHAD,103526,Result Declared,S24,India
Maharajganj,19,MAHARAJGANJ(19),"JANARDAN SINGH ""SIGRIWAL""",AAKASH KUMAR SINGH,102651,Result Declared,S04,India
Jhansi,46,JHANSI(46),ANURAG SHARMA,"PRADEEP JAIN ""ADITYA""",102614,Result Declared,S24,India
Godda,3,GODDA(3),NISHIKANT DUBEY,PRADEEP YADAV,101813,Result Declared,S27,India
Gaya,38,GAYA(38),JITAN RAM MANJHI,KUMAR SARVJEET,101812,Result Declared,S04,India
Basti,61,BASTI(61),RAM PRASAD CHAUDHARY,HARISH CHANDRA ALIAS HARISH DWIVEDI,100994,Result Declared,S24,India
Arunachal West,1,ARUNACHALWEST(1),KIREN RIJIJU,NABAM TUKI,100738,Result Declared,S02,India
Kasaragod,1,KASARAGOD(1),RAJMOHAN UNNITHAN,M.V BALAKRISHNAN MASTER,100649,Result Declared,S11,India
Sangli,44,SANGLI(44),VISHAL (DADA) PRAKASHBAPU PATIL,SANJAY (KAKA) PATIL,100053,Result Declared,S13,India
Aska,19,ASKA(19),ANITA SUBHADARSHINI,RANJITA SAHU,99974,Result Declared,S18,India
Jaunpur,73,JAUNPUR(73),BABU SINGH KUSHWAHA,KRIPASHANKAR SINGH,99335,Result Declared,S24,India
Bellary,9,BELLARY(9),E. TUKARAM,B. SREERAMULU,98992,Result Declared,S10,India
KARAULI-DHOLPUR,10,KARAULI-DHOLPUR(10),BHAJAN LAL JATAV,INDU DEVI,98945,Result Declared,S20,India
Valmiki Nagar,1,VALMIKINAGAR(1),SUNIL KUMAR,DEEPAK YADAV,98675,Result Declared,S04,India
Dharwad,11,DHARWAD(11),PRALHAD JOSHI,VINOD ASOOTI,97324,Result Declared,S10,India
Keonjhar,4,KEONJHAR(4),ANANTA NAYAK,DHANURJAYA SIDU,97042,Result Declared,S18,India
Maval,33,MAVAL(33),SHRIRANG APPA CHANDU BARNE,SANJOG BHIKU WAGHERE PATIL,96615,Result Declared,S13,India
Yavatmal- Washim,14,YAVATMAL-WASHIM(14),SANJAY UTTAMRAO DESHMUKH,RAJSHRITAI HEMANT PATIL (MAHALLE),94473,Result Declared,S13,India
Nagarkurnool,12,NAGARKURNOOL(12),DR.MALLU RAVI,BHARATH  PRASAD POTHUGANTI,94414,Result Declared,S29,India
East Delhi,3,EASTDELHI(3),HARSH MALHOTRA,KULDEEP KUMAR (MONU),93663,Result Declared,U05,India
Siwan,18,SIWAN(18),VIJAYLAKSHMI DEVI,HENA SHAHAB,92857,Result Declared,S04,India
Kolkata Uttar,24,KOLKATAUTTAR(24),BANDYOPADHYAY SUDIP,TAPAS ROY,92560,Result Declared,S25,India
Sant Kabir Nagar,62,SANTKABIRNAGAR(62),LAXMIKANT PAPPU NISHAD,PRAVIN KUMAR NISHAD,92170,Result Declared,S24,India
Bhadrak,7,BHADRAK(7),AVIMANYU SETHI,MANJULATA MANDAL,91544,Result Declared,S18,India
SHIMLA,4,SHIMLA(4),Suresh Kumar Kashyap,Vinod Sultanpuri,91451,Result Declared,S08,India
Chikkodi,1,CHIKKODI(1),PRIYANKA SATISH JARKIHOLI,ANNASAHEB SHANKAR JOLLE,90834,Result Declared,S10,India
Adilabad,1,ADILABAD(1),GODAM NAGESH,ATHRAM SUGUNA,90652,Result Declared,S29,India
Anand,16,ANAND(16),MITESH PATEL (BAKABHAI),AMIT CHAVDA,89939,Result Declared,S06,India
Sitapur,30,SITAPUR(30),RAKESH RATHOR,RAJESH VERMA,89641,Result Declared,S24,India
Vaishali,16,VAISHALI(16),VEENA DEVI,VIJAY KUMAR SHUKLA,89634,Result Declared,S04,India
Chandni Chowk,1,CHANDNICHOWK(1),PRAVEEN KHANDELWAL,JAI PRAKASH AGARWAL,89325,Result Declared,U05,India
Firozabad,20,FIROZABAD(20),AKSHAYA YADAV,VISHWADEEP SINGH,89312,Result Declared,S24,India
Purvi Champaran,3,PURVICHAMPARAN(3),RADHA MOHAN SINGH,DR RAJESH KUMAR,88287,Result Declared,S04,India
GANGANAGAR,1,GANGANAGAR(1),KULDEEP INDORA,PRIYANKA BALAN MEGHWAL,88153,Result Declared,S20,India
Nabarangpur,12,NABARANGPUR(12),BALABHADRA MAJHI,PRADEEP KUMAR MAJHI,87536,Result Declared,S18,India
Rampur,7,RAMPUR(7),MOHIBBULLAH,GHANSHYAM SINGH LODHI,87434,Result Declared,S24,India
Kottayam,14,KOTTAYAM(14),ADV K FRANCIS GEORGE,THOMAS CHAZHIKADAN,87266,Result Declared,S11,India
Jalpaiguri,3,JALPAIGURI(3),DR JAYANTA KUMAR ROY,NIRMAL CHANDRA ROY,86693,Result Declared,S25,India
Bharuch,22,BHARUCH(22),MANSUKHBHAI DHANJIBHAI VASAVA,CHAITARBHAI DAMJIBHAI VASAVA,85696,Result Declared,S06,India
Outer Manipur,2,OUTERMANIPUR(2),ALFRED KANNGAM S ARTHUR,KACHUI TIMOTHY ZIMIK,85418,Result Declared,S14,India
Patliputra,31,PATLIPUTRA(31),MISHA BHARTI,RAM KRIPAL YADAV,85174,Result Declared,S04,India
Baharampur,10,BAHARAMPUR(10),PATHAN YUSUF,ADHIR RANJAN CHOWDHURY,85022,Result Declared,S25,India
SATNA,9,SATNA(9),GANESH SINGH,DABBU SIDDHARTH SUKHLAL KUSHWAHA,84949,Result Declared,S12,India
Gurdaspur,1,GURDASPUR(1),SUKHJINDER SINGH RANDHAWA,DINESH SINGH BABBU,82861,Result Declared,S19,India
Raigad,32,RAIGAD(32),TATKARE SUNIL DATTATREY,ANANT GEETE,82784,Result Declared,S13,India
Kushi Nagar,65,KUSHINAGAR(65),VIJAY KUMAR DUBAY,AJAY PRATAP SINGH URF PINTU SAITHWAR,81790,Result Declared,S24,India
Wardha,8,WARDHA(8),AMAR SHARADRAO KALE,RAMDAS CHANDRABHAN TADAS,81648,Result Declared,S13,India
Begusarai,24,BEGUSARAI(24),GIRIRAJ SINGH,ABDHESH KUMAR ROY,81480,Result Declared,S04,India
Giridih,6,GIRIDIH(6),CHANDRA PRAKASH CHOUDHARY,MATHURA PRASAD MAHATO,80880,Result Declared,S27,India
Munger,28,MUNGER(28),RAJIV RANJAN SINGH ALIAS LALAN SINGH,KUMARI ANITA,80870,Result Declared,S04,India
Sikkim,1,SIKKIM(1),INDRA HANG SUBBA,BHARAT BASNETT,80830,Result Declared,S21,India
Raichur,6,RAICHUR(6),G. KUMAR NAIK.,RAJA AMARESHWARA NAIK.,79781,Result Declared,S10,India
Aurangabad,37,AURANGABAD(37),ABHAY KUMAR SINHA,SUSHIL KUMAR SINGH,79111,Result Declared,S04,India
New Delhi,4,NEWDELHI(4),BANSURI SWARAJ,SOMNATH BHARTI,78370,Result Declared,U05,India
Tamluk,30,TAMLUK(30),ABHIJIT GANGOPADHYAY,DEBANGSHU BHATTACHARYA,77733,Result Declared,S25,India
Maldaha Uttar,7,MALDAHAUTTAR(7),KHAGEN MURMU,PRASUN BANERJEE,77708,Result Declared,S25,India
Bijapur,4,BIJAPUR(4),RAMESH JIGAJINAGI,RAJU ALAGUR.,77229,Result Declared,S10,India
Hooghly,28,HOOGHLY(28),RACHNA BANERJEE,LOCKET CHATTERJEE,76853,Result Declared,S25,India
Ramtek,9,RAMTEK(9),Shyamkumar (Babalu) Daulat Barve,RAJU DEONATH PARVE,76768,Result Declared,S13,India
Shrawasti,58,SHRAWASTI(58),RAM SHIROMANI VERMA,SAKET MISRA,76673,Result Declared,S24,India
Dhenkanal,9,DHENKANAL(9),RUDRA NARAYAN PANY,ABINASH SAMAL,76567,Result Declared,S18,India
Rajampet,24,RAJAMPET(24),P V MIDHUN REDDY,NALLARI KIRAN KUMAR REDDY,76071,Result Declared,S01,India
Alipurduars,2,ALIPURDUARS(2),MANOJ TIGGA,PRAKASH CHIK BARAIK,75447,Result Declared,S25,India
Palakkad,8,PALAKKAD(8),V K SREEKANDAN,A VIJAYARAGHAVAN,75283,Result Declared,S11,India
GURGAON,9,GURGAON(9),RAO INDERJIT SINGH,RAJ BABBAR,75079,Result Declared,S07,India
MANDI,2,MANDI(2),KANGNA RANAUT,VIKRAMADITYA SINGH,74755,Result Declared,S08,India
Thrissur,10,THRISSUR(10),SURESH GOPI,ADV V S SUNILKUMAR,74686,Result Declared,S11,India
Solapur,42,SOLAPUR(42),PRANITI SUSHILKUMAR SHINDE,RAM VITTHAL SATPUTE,74197,Result Declared,S13,India
Bangaon,14,BANGAON(14),SHANTANU THAKUR,BISWAJIT DAS S/O LATE BIJAY KRISHNA DAS,73693,Result Declared,S25,India
SIKAR,5,SIKAR(5),AMRARAM,SUMEDHANAND SARASWATI,72896,Result Declared,S20,India
CHURU,3,CHURU(3),RAHUL KASWAN,DEVENDRA JHAJHARIA,72737,Result Declared,S20,India
Kolar,28,KOLAR(28),M. MALLESH BABU,K V GOWTHAM,71388,Result Declared,S10,India
Banda,48,BANDA(48),KRISHNA DEVI SHIVSHANKER PATEL,R. K. SINGH PATEL,71210,Result Declared,S24,India
VILUPPURAM,13,VILUPPURAM(13),RAVIKUMAR. D,BHAGYARAJ. J,70703,Result Declared,S22,India
Dum dum,16,DUMDUM(16),SOUGATA RAY,SILBHADRA DATTA,70660,Result Declared,S25,India
SALEM,15,SALEM(15),SELVAGANAPATHI T M,VIGNESH P,70357,Result Declared,S22,India
Mohanlalganj,34,MOHANLALGANJ(34),R.K. CHAUDHARY,KAUSHAL KISHORE,70292,Result Declared,S24,India
GWALIOR,3,GWALIOR(3),BHARAT SINGH KUSHWAH,PRAVEEN PATHAK,70210,Result Declared,S12,India
Faridkot,9,FARIDKOT(9),SARABJEET SINGH KHALSA,KARAMJIT SINGH ANMOL,70053,Result Declared,S19,India
Kairana,2,KAIRANA(2),IQRA CHOUDHARY,PRADEEP KUMAR,69116,Result Declared,S24,India
Bagalkot,3,BAGALKOT(3),GADDIGOUDAR. PARVATAGOUDA. CHANDANAGOUDA.,SAMYUKTA SHIVANAND PATIL,68399,Result Declared,S10,India
MIZORAM,1,MIZORAM(1),RICHARD VANLALHMANGAIHA,K VANLALVENA,68288,Result Declared,S16,India
Raiganj,5,RAIGANJ(5),KARTICK CHANDRA PAUL,KALYANI KRISHNA,68197,Result Declared,S25,India
Nawada,39,NAWADA(39),VIVEK THAKUR,SHRAWAN KUMAR,67670,Result Declared,S04,India
Kendrapara,15,KENDRAPARA(15),BAIJAYANT PANDA,ANSHUMAN MOHANTY,66536,Result Declared,S18,India
Pratapgarh,39,PRATAPGARH(39),SHIV PAL SINGH PATEL (DR. S P SINGH),SANGAM LAL GUPTA,66206,Result Declared,S24,India
Bhiwandi,23,BHIWANDI(23),BALYA MAMA - SURESH GOPINATH MHATRE,KAPIL MORESHWAR PATIL,66121,Result Declared,S13,India
Pathanamthitta,17,PATHANAMTHITTA(17),ANTO ANTONY,DR.T.M.THOMAS ISSAC,66119,Result Declared,S11,India
TONK-SAWAI MADHOPUR,12,TONK-SAWAIMADHOPUR(12),HARISH CHANDRA MEENA,SUKHBIR SINGH JAUNAPURIA,64949,Result Declared,S20,India
BHIND,2,BHIND(2),SANDHYA RAY,PHOOL SINGH BARAIYA,64840,Result Declared,S12,India
SURGUJA,1,SURGUJA(1),CHINTAMANI MAHARAJ,SHASHI SINGH KORAM,64822,Result Declared,S26,India
Saharanpur,1,SAHARANPUR(1),IMRAN MASOOD,RAGHAV LAKHANPAL,64542,Result Declared,S24,India
Barrackpur,15,BARRACKPUR(15),PARTHA BHOWMICK,ARJUN SINGH,64438,Result Declared,S25,India
Baharaich,56,BAHARAICH(56),ANAND KUMAR,RAMESH CHANDRA,64227,Result Declared,S24,India
Chalakudy,11,CHALAKUDY(11),BENNY BEHANAN,PROF C RAVEENDRANATH,63754,Result Declared,S11,India
Alappuzha,15,ALAPPUZHA(15),K. C VENUGOPAL,A. M ARIFF,63513,Result Declared,S11,India
HISAR,4,HISAR(4),JAI PARKASH (J P) S/O HARIKESH,RANJIT SINGH,63381,Result Declared,S07,India
Kadapa,21,KADAPA(21),Y. S. AVINASH REDDY,CHADIPIRALLA BHUPESH SUBBARAMI REDDY,62695,Result Declared,S01,India
Latur,41,LATUR(41),DR. KALGE SHIVAJI BANDAPPA,SUDHAKAR TUKARAM SHRANGARE,61881,Result Declared,S13,India
Ujiarpur,22,UJIARPUR(22),NITYANAND RAI,ALOK KUMAR MEHTA,60102,Result Declared,S04,India
JANJGIR-CHAMPA,3,JANJGIR-CHAMPA(3),KAMLESH JANGDE,DR. SHIVKUMAR DAHARIYA,60000,Result Declared,S26,India
Arrah,32,ARRAH(32),SUDAMA PRASAD,R. K. SINGH,59808,Result Declared,S04,India
Kishanganj,10,KISHANGANJ(10),MOHAMMAD JAWED,MUJAHID ALAM,59692,Result Declared,S04,India
Asansol,40,ASANSOL(40),SHATRUGHAN PRASAD SINHA,SURENDRAJEET SINGH AHLUWALIA,59564,Result Declared,S25,India
Nanded,16,NANDED(16),CHAVAN VASANTRAO BALWANTRAO,CHIKHALIKAR PRATAPRAO GOVINDRAO,59442,Result Declared,S13,India
Allahabad,52,ALLAHABAD(52),UJJWAL RAMAN SINGH,NEERAJ TRIPATHI,58795,Result Declared,S24,India
Etawah,41,ETAWAH(41),JITENDRA KUMAR DOHARE,DR RAM SHANKAR KATHERIA,58419,Result Declared,S24,India
Dadar & Nagar Haveli,2,DADAR&NAGARHAVELI(2),DELKAR KALABEN MOHANBHAI,AJIT RAMJIBHAI MAHALA,57584,Result Declared,U03,India
Cuttack,14,CUTTACK(14),BHARTRUHARI MAHTAB,SANTRUPT MISRA,57077,Result Declared,S18,India
Krishnanagar,12,KRISHNANAGAR(12),MAHUA MOITRA,AMRITA ROY,56705,Result Declared,S25,India
BIKANER,2,BIKANER(2),ARJUN RAM MEGHWAL,GOVINDRAM MEGHWAL,55711,Result Declared,S20,India
Shahjahanpur,27,SHAHJAHANPUR(27),ARUN KUMAR SAGAR,JYOTSNA GOND,55379,Result Declared,S24,India
BASTAR,10,BASTAR(10),MAHESH KASHYAP,KAWASI LAKHMA,55245,Result Declared,S26,India
Faizabad,54,FAIZABAD(54),AWADHESH PRASAD,LALLU SINGH,54567,Result Declared,S24,India
Jalaun,45,JALAUN(45),NARAYAN DAS AHIRWAR,BHANU PRATAP SINGH VERMA,53898,Result Declared,S24,India
KALLAKURICHI,14,KALLAKURICHI(14),MALAIYARASAN D,KUMARAGURU R,53784,Result Declared,S22,India
Mumbai South Central,30,MUMBAISOUTHCENTRAL(30),ANIL YESHWANT DESAI,RAHUL RAMESH SHEWALE,53384,Result Declared,S13,India
Mumbai South,31,MUMBAISOUTH(31),ARVIND GANPAT SAWANT,YAMINI YASHWANT JADHAV,52673,Result Declared,S13,India
MORENA,1,MORENA(1),SHIVMANGAL SINGH TOMAR,NEETU SATYAPAL SINGH SIKARWAR,52530,Result Declared,S12,India
BHARATPUR,9,BHARATPUR(9),SANJNA JATAV,RAMSWAROOP KOLI,51983,Result Declared,S20,India
Kokrajhar,1,KOKRAJHAR(1),JOYANTA BASUMATARY,KAMPA BORGOYARI,51583,Result Declared,S03,India
Sitamarhi,5,SITAMARHI(5),DEVESH CHANDRA THAKUR,ARJUN RAY,51356,Result Declared,S04,India
Nagaland,1,NAGALAND(1),S SUPONGMEREN JAMIR,DR CHUMBEN MURRY,50984,Result Declared,S17,India
Araku (ST),1,ARAKU(ST)(1),GUMMA THANUJA RANI,KOTHAPALLI GEETHA,50580,Result Declared,S01,India
Shirdi,38,SHIRDI(38),BHAUSAHEB RAJARAM WAKCHAURE,LOKHANDE SADASHIV KISAN,50529,Result Declared,S13,India
Ongole,16,ONGOLE(16),MAGUNTA SREENIVASULU REDDY,DR CHEVIREDDY BHASKAR REDD,50199,Result Declared,S01,India
Secunderabad,8,SECUNDERABAD(8),G. KISHAN REDDY,DANAM NAGENDER,49944,Result Declared,S29,India
Katihar,11,KATIHAR(11),TARIQ ANWAR,DULAL CHANDRA GOSWAMI,49863,Result Declared,S04,India
Bathinda,11,BATHINDA(11),HARSIMRAT KAUR BADAL,GURMEET SINGH KHUDIAN,49656,Result Declared,S19,India
AMBALA,1,AMBALA(1),VARUN CHAUDHRY,BANTO KATARIA,49036,Result Declared,S07,India
ALWAR,8,ALWAR(8),BHUPENDER YADAV,LALIT YADAV,48282,Result Declared,S20,India
Chitradurga,18,CHITRADURGA(18),GOVIND MAKTHAPPA KARJOL,B.N.CHANDRAPPA,48121,Result Declared,S10,India
Ratnagiri- Sindhudurg,46,RATNAGIRI-SINDHUDURG(46),NARAYAN TATU RANE,VINAYAK BHAURAO RAUT,47858,Result Declared,S13,India
Kanthi,31,KANTHI(31),ADHIKARI SOUMENDU,UTTAM BARIK SON OF LATE BIRENDRA BARIK,47764,Result Declared,S25,India
Koppal,8,KOPPAL(8),K. RAJASHEKAR BASAVARAJ HITNAL,DR . BASAVARAJ. K. SHARANAPPA,46357,Result Declared,S10,India
Gonda,59,GONDA(59),KIRTIVARDHAN SINGH,SHREYA VERMA,46224,Result Declared,S24,India
Zahirabad,5,ZAHIRABAD(5),SURESH KUMAR SHETKAR,B. B. PATIL,46188,Result Declared,S29,India
RAJNANDGAON,6,RAJNANDGAON(6),SANTOSH PANDEY,BHUPESH BAGHEL,44411,Result Declared,S26,India
Akbarpur,44,AKBARPUR(44),DEVENDRA SINGH ALIAS BHOLE SINGH,RAJARAM PAL,44345,Result Declared,S24,India
Hoshiarpur,5,HOSHIARPUR(5),DR. RAJ KUMAR CHABBEWAL,YAMINI GOMAR,44111,Result Declared,S19,India
Bhadohi,78,BHADOHI(78),DR. VINOD KUMAR BIND,LALITESHPATI TRIPATHI,44072,Result Declared,S24,India
Haveri,10,HAVERI(10),BASAVARAJ BOMMAI,ANANDSWAMY GADDADEVARMATH,43513,Result Declared,S10,India
Fatehpur Sikri,19,FATEHPURSIKRI(19),RAJKUMAR CHAHAR,RAMNATH SINGH SIKARWAR,43405,Result Declared,S24,India
Ballia,72,BALLIA(72),SANATAN PANDEY,NEERAJ SHEKHAR,43384,Result Declared,S24,India
KORBA,4,KORBA(4),JYOTSNA CHARANDAS MAHANT,SAROJ PANDEY,43283,Result Declared,S26,India
Sultanpur,38,SULTANPUR(38),RAMBHUAL NISHAD,MANEKA SANJAY GANDHI,43174,Result Declared,S24,India
Domariyaganj,60,DOMARIYAGANJ(60),JAGDAMBIKA PAL,BHISHMA SHANKAR ALIAS KUSHAL TIWARI,42728,Result Declared,S24,India
Hassan,16,HASSAN(16),SHREYAS. M. PATEL,PRAJWAL REVANNA,42649,Result Declared,S10,India
NAGAUR,14,NAGAUR(14),HANUMAN BENIWAL,JYOTI MIRDHA,42225,Result Declared,S20,India
KOTA,24,KOTA(24),OM BIRLA,PRAHLAD GUNJAL,41974,Result Declared,S20,India
BHIWANI-MAHENDRAGARH,8,BHIWANI-MAHENDRAGARH(8),DHARAMBIR SINGH,RAO DAN SINGH,41510,Result Declared,S07,India
Jagatsinghpur,16,JAGATSINGHPUR(16),BIBHU PRASAD TARAI,DR. RAJASHREE MALLICK,40696,Result Declared,S18,India
Akola,6,AKOLA(6),ANUP SANJAY DHOTRE,ABHAY KASHINATH PATIL,40626,Result Declared,S13,India
Amritsar,2,AMRITSAR(2),GURJEET SINGH AUJLA,KULDEEP SINGH DHALIWAL,40301,Result Declared,S19,India
Coochbehar,1,COOCHBEHAR(1),JAGADISH CHANDRA BARMA BASUNIA,NISITH PRAMANIK,39250,Result Declared,S25,India
Medak,6,MEDAK(6),MADHAVANENI RAGHUNANDAN RAO,NEELAM MADHU,39139,Result Declared,S29,India
Mirzapur,79,MIRZAPUR(79),ANUPRIYA PATEL,RAMESH CHAND BIND,37810,Result Declared,S24,India
Bijnor,4,BIJNOR(4),CHANDAN CHAUHAN,DEEPAK,37508,Result Declared,S24,India
Bhandara Gondiya,11,BHANDARAGONDIYA(11),DR. PRASHANT YADAORAO PADOLE,SUNIL BABURAO MENDHE,37380,Result Declared,S13,India
Machhlishahr,74,MACHHLISHAHR(74),PRIYA SAROJ,BHOLANATH (B.P. SAROJ),35850,Result Declared,S24,India
Unnao,33,UNNAO(33),SWAMI SACHCHIDANAND HARI SAKSHI,ANNU TANDON,35818,Result Declared,S24,India
Maharajganj,63,MAHARAJGANJ(63),PANKAJ CHAUDHARY,VIRENDRA CHAUDHARY,35451,Result Declared,S24,India
Bhubaneswar,18,BHUBANESWAR(18),APARAJITA SARANGI,MANMATH KUMAR ROUTRAY,35152,Result Declared,S18,India
Badaun,23,BADAUN(23),ADITYA YADAV,DURVIJAY SINGH SHAKYA,34991,Result Declared,S24,India
Deoria,66,DEORIA(66),SHASHANK MANI,AKHILESH PRATAP SINGH,34842,Result Declared,S24,India
Bareilly,25,BAREILLY(25),CHHATRA PAL SINGH GANGWAR,PRAVEEN SINGH ARON,34804,Result Declared,S24,India
Kheri,28,KHERI(28),UTKARSH VERMA 'MADHUR',AJAY KUMAR,34329,Result Declared,S24,India
Fatehgarh Sahib,8,FATEHGARHSAHIB(8),AMAR SINGH,GURPREET SINGH GP,34202,Result Declared,S19,India
Misrikh,32,MISRIKH(32),ASHOK KUMAR RAWAT,SANGITA RAJVANSHI,33406,Result Declared,S24,India
Fatehpur,49,FATEHPUR(49),NARESH CHANDRA UTTAM PATEL,NIRANJAN JYOTI,33199,Result Declared,S24,India
Bankura,36,BANKURA(36),ARUP CHAKRABORTY,DR. SUBHAS SARKAR,32778,Result Declared,S25,India
Satara,45,SATARA(45),SHRIMANT CHH UDAYANRAJE PRATAPSINHAMAHARAJ BHONSLE,SHASHIKANT JAYVANTRAO SHINDE,32771,Result Declared,S13,India
Bangalore central,25,BANGALORECENTRAL(25),P C MOHAN,MANSOOR ALI KHAN,32707,Result Declared,S10,India
Patan,3,PATAN(3),DABHI  BHARATSINHJI  SHANKARJI,CHANDANJI TALAJI THAKOR,31876,Result Declared,S06,India
Arunachal East,2,ARUNACHALEAST(2),TAPIR GAO,BOSIRAM SIRAM,30421,Result Declared,S02,India
Banaskantha,2,BANASKANTHA(2),GENIBEN NAGAJI THAKOR,DR. REKHABEN HITESHBHAI CHAUDHARI,30406,Result Declared,S06,India
Buxar,33,BUXAR(33),SUDHAKAR SINGH,MITHILESH TIWARI,30091,Result Declared,S04,India
Mumbai North East,28,MUMBAINORTHEAST(28),SANJAY DINA PATIL,MIHIR CHANDRAKANT KOTECHA,29861,Result Declared,S13,India
Buldhana,5,BULDHANA(5),JADHAV PRATAPRAO GANPATRAO,NARENDRA DAGDU KHEDEKAR,29479,Result Declared,S13,India
Sheohar,4,SHEOHAR(4),LOVELY ANAND,RITU JAISWAL,29143,Result Declared,S04,India
NAMAKKAL,16,NAMAKKAL(16),MATHESWARAN V S,TAMILMANI S,29112,Result Declared,S22,India
KURUKSHETRA,2,KURUKSHETRA(2),NAVEEN JINDAL,DR SUSHIL GUPTA,29021,Result Declared,S07,India
Ahmednagar,37,AHMEDNAGAR(37),NILESH DNYANDEV LANKE,DR. SUJAY RADHAKRISHNA VIKHEPATIL,28929,Result Declared,S13,India
Amroha,9,AMROHA(9),KANWAR SINGH TANWAR,KUNWAR DANISH ALI,28670,Result Declared,S24,India
Etah,22,ETAH(22),DEVESH SHAKYA,RAJVEER SINGH (RAJU BHAIYA),28052,Result Declared,S24,India
Ladakh,1,LADAKH(1),MOHMAD HANEEFA,TSERING NAMGYAL,27862,Result Declared,U09,India
Hardoi,31,HARDOI(31),JAI PRAKASH,USHA VERMA,27856,Result Declared,S24,India
Gulbarga,5,GULBARGA(5),RADHAKRISHNA,DR. UMESH G JADHAV,27205,Result Declared,S10,India
Medinipur,34,MEDINIPUR(34),JUNE MALIAH,AGNIMITRA PAUL,27191,Result Declared,S25,India
Davanagere,13,DAVANAGERE(13),DR. PRABHA MALLIKARJUN,GAYITHRI SIDDESHWARA,26094,Result Declared,S10,India
Muzaffarnagar,3,MUZAFFARNAGAR(3),HARENDRA SINGH MALIK,SANJEEV KUMAR BALYAN,24672,Result Declared,S24,India
Andaman & Nicobar Islands,1,ANDAMAN&NICOBARISLANDS(1),BISHNU PADA RAY,KULDEEP RAI SHARMA,24396,Result Declared,U01,India
Purnia,12,PURNIA(12),RAJESH RANJAN ALIAS PAPPU YADAV,SANTOSH KUMAR,23847,Result Declared,S04,India
Dumka,2,DUMKA(2),NALIN SOREN,SITA MURMU,22527,Result Declared,S27,India
SONIPAT,6,SONIPAT(6),SATPAL BRAHAMCHARI,MOHAN LAL BADOLI,21816,Result Declared,S07,India
Chandauli,76,CHANDAULI(76),BIRENDRA SINGH,DR. MAHENDRA NATH  PANDEY,21565,Result Declared,S24,India
Kandhamal,13,KANDHAMAL(13),SUKANTA KUMAR PANIGRAHI,ACHYUTANANDA SAMANTA,21371,Result Declared,S18,India
DHARMAPURI,10,DHARMAPURI(10),MANI. A.,SOWMIYA ANBUMANI,21300,Result Declared,S22,India
Kanpur,43,KANPUR(43),RAMESH AWASTHI,ALOK MISRA,20968,Result Declared,S24,India
Ludhiana,7,LUDHIANA(7),AMRINDER SINGH RAJA WARRING,RAVNEET SINGH BITTU,20942,Result Declared,S19,India
Alathur,9,ALATHUR(9),K.RADHAKRISHNAN,RAMYA HARIDAS,20111,Result Declared,S11,India
Araria,9,ARARIA(9),PRADEEP KUMAR SINGH,SHAHNAWAZ,20094,Result Declared,S04,India
Amravati,7,AMRAVATI(7),BALWANT BASWANT WANKHADE,NAVNEET RAVI RANA,19731,Result Declared,S13,India
Sasaram,34,SASARAM(34),MANOJ KUMAR,SHIVESH KUMAR,19157,Result Declared,S04,India
Karimganj,7,KARIMGANJ(7),KRIPANATH MALLAH,HAFIZ RASHID AHMED CHOUDHURY,18360,Result Declared,S03,India
JHUNJHUNU,4,JHUNJHUNU(4),BRIJENDRA SINGH OLA,SHUBHKARAN CHOUDHARY,18235,Result Declared,S20,India
Purulia,35,PURULIA(35),JYOTIRMAY SINGH MAHATO,SHANTIRAM MAHATO,17079,Result Declared,S25,India
Mumbai North Central,29,MUMBAINORTHCENTRAL(29),GAIKWAD VARSHA EKNATH,ADV UJWAL NIKAM,16514,Result Declared,S13,India
Thiruvananthapuram,20,THIRUVANANTHAPURAM(20),SHASHI THAROOR,RAJEEV CHANDRASEKHAR,16077,Result Declared,S11,India
Aonla,24,AONLA(24),NEERAJ MAURYA,DHARMENDRA KASHYAP,15969,Result Declared,S24,India
Aligarh,15,ALIGARH(15),SATISH KUMAR GAUTAM,BIJENDRA SINGH,15647,Result Declared,S24,India
Patiala,13,PATIALA(13),DR DHARAMVIRA GANDHI,DR BALBIR SINGH,14831,Result Declared,S19,India
Thirupathi(SC),23,THIRUPATHI(SC)(23),GURUMOORTHY MADDILA,VARA PRASAD RAO VELAGAPALLI,14569,Result Declared,S01,India
Saran,20,SARAN(20),RAJIV PRATAP RUDY,ROHINI ACHARYA,13661,Result Declared,S04,India
South Goa,2,SOUTHGOA(2),CAPTAIN  VIRIATO FERNANDES,PALLAVI SHRINIVAS DEMPO,13535,Result Declared,S05,India
Hatkanangale,48,HATKANANGALE(48),DHAIRYASHEEL SAMBHAJIRAO MANE,SATYAJEET BABASAHEB PATIL (AABA) SARUDKAR,13426,Result Declared,S13,India
Mavelikkara,16,MAVELIKKARA(16),KODIKUNNIL SURESH,ADV ARUN KUMAR C A,10868,Result Declared,S11,India
Anandpur Sahib,6,ANANDPURSAHIB(6),MALVINDER SINGH KANG,VIJAY INDER SINGLA,10846,Result Declared,S19,India
Meerut,10,MEERUT(10),ARUN GOVIL,SUNITA VERMA,10585,Result Declared,S24,India
Balurghat,6,BALURGHAT(6),SUKANTA MAJUMDAR,BIPLAB MITRA,10386,Result Declared,S25,India
Beed,39,BEED(39),BAJRANG MANOHAR SONWANE,PANKAJA GOPINATHRAO MUNDE,6553,Result Declared,S13,India
Arambagh,29,ARAMBAGH(29),BAG MITALI,ARUP KANTI DIGAR,6399,Result Declared,S25,India
Daman & Diu,1,DAMAN&DIU(1),PATEL UMESHBHAI BABUBHAI,LALUBHAI BABUBHAI PATEL,6225,Result Declared,U03,India
Bishnupur,37,BISHNUPUR(37),KHAN SAUMITRA,SUJATA MONDAL,5567,Result Declared,S25,India
Mahbubnagar,11,MAHBUBNAGAR(11),ARUNA. D. K,CHALLA VAMSHI CHAND REDDY,4500,Result Declared,S29,India
Dhaurahra,29,DHAURAHRA(29),ANAND BHADAURIYA,REKHA VERMA,4449,Result Declared,S24,India
VIRUDHUNAGAR,34,VIRUDHUNAGAR(34),MANICKAM TAGORE B,VIJAYAPRABHAKARAN V,4379,Result Declared,S22,India
Phulpur,51,PHULPUR(51),PRAVEEN PATEL,AMAR NATH SINGH MAURYA,4332,Result Declared,S24,India
Dhule,2,DHULE(2),BACHHAV SHOBHA DINESH,BHAMRE SUBHASH RAMRAO,3831,Result Declared,S13,India
Salempur,71,SALEMPUR(71),RAMASHANKAR RAJBHAR,RAVINDAR KUSHAWAHA,3573,Result Declared,S24,India
Firozpur,10,FIROZPUR(10),SHER SINGH GHUBAYA,JAGDEEP SINGH KAKA BRAR,3242,Result Declared,S19,India
Bansgaon,67,BANSGAON(67),KAMLESH PASWAN,SADAL PRASAD,3150,Result Declared,S24,India
Farrukhabad,40,FARRUKHABAD(40),MUKESH RAJPUT,DR. NAVAL KISHOR SHAKYA,2678,Result Declared,S24,India
Lakshadweep,1,LAKSHADWEEP(1),MUHAMMED HAMDULLAH SAYEED,MOHAMMED FAIZAL PP,2647,Result Declared,U06,India
Hamirpur,47,HAMIRPUR(47),AJENDRA SINGH LODHI,KUNWAR PUSHPENDRA SINGH CHANDEL,2629,Result Declared,S24,India
Chandigarh,1,CHANDIGARH(1),MANISH TEWARI,SANJAY TANDON,2504,Result Declared,U02,India
KANKER,11,KANKER(11),BHOJRAJ NAG,BIRESH THAKUR,1884,Result Declared,S26,India
JAIPUR RURAL,6,JAIPURRURAL(6),RAO RAJENDRA SINGH,ANIL CHOPRA,1615,Result Declared,S20,India
Jajpur,8,JAJPUR(8),RABINDRA NARAYAN BEHERA,SARMISTHA SETHI,1587,Result Declared,S18,India
Attingal,19,ATTINGAL(19),ADV ADOOR PRAKASH,V JOY,684,Result Declared,S11,India
Mumbai North West,27,MUMBAINORTHWEST(27),RAVINDRA DATTARAM WAIKAR,AMOL GAJANAN KIRTIKAR,48,Result Declared,S13,India
